code,description,last_updated
1679576722,WIEBE,09-10-2025
1588667638,PILCHER,09-10-2025
1497758544,,09-10-2025
1306849450,,09-10-2025
1215930367,GRESSOT,09-10-2025
1023011178,,09-10-2025
1932102084,ADUSUMILLI,09-10-2025
1841293990,WORTSMAN,09-10-2025
1750384806,BISBEE,09-10-2025
1669475711,SUNG,09-10-2025
1578566626,KUIPERS,09-10-2025
1487657532,HUEBERT,09-10-2025
1396748448,YOUNG-MAYKA,09-10-2025
1205839354,DIFILIPPO,09-10-2025
1114920261,THACKER,09-10-2025
1023011079,,09-10-2025
1932102985,ROTHSTEIN,09-10-2025
1841293891,GIBBS,09-10-2025
1750384707,MARKMAN,09-10-2025
1669475612,TROTCHIE,09-10-2025
1578566527,,09-10-2025
1487657433,,09-10-2025
1396748349,GRUNERT,09-10-2025
1205839255,GOLDBERG,09-10-2025
1114920162,DUBOSE,09-10-2025
1922001973,ANDERSON-KRULL,09-10-2025
1831192889,COE,09-10-2025
1740283795,,09-10-2025
1659374601,OBERDICK,09-10-2025
1568465516,SALENGER,09-10-2025
1477556421,ROTH,09-10-2025
1255334207,SOUCIER,09-10-2025
1164425112,ISETTS,09-10-2025
1073516027,CHANG,09-10-2025
1982607933,,09-10-2025
1891798849,,09-10-2025
1700889755,,09-10-2025
1619970662,FRIEDMAN,09-10-2025
1427051473,,09-10-2025
1336142389,,09-10-2025
1245233295,POTTS,09-10-2025
1962405910,,09-10-2025
1871596825,WOLTER,09-10-2025
1780687731,STAUBSINGER,09-10-2025
1699778647,,09-10-2025
1508869553,VAN HOUTEN-SAUTER,09-10-2025
1417950460,GARCIA,09-10-2025
1225031271,SHEPHERD,09-10-2025
1134122187,RUDNICKE,09-10-2025
1043213093,,09-10-2025
1952304909,VASTA,09-10-2025
1861495814,SMITH,09-10-2025
1770586729,,09-10-2025
1689677635,DURITSCH,09-10-2025
1598768541,ARENAS,09-10-2025
1407859457,MAGNIFICO,09-10-2025
1316940364,CONJEEVARAM,09-10-2025
1124021175,TRIPPI,09-10-2025
1033112081,FOGARTY,09-10-2025
1942203997,MYERS,09-10-2025
1851394803,HARPER,09-10-2025
1649273681,RENOUF,09-10-2025
1558364596,AKBAR,09-10-2025
1467455402,MCCOY,09-10-2025
1376546317,ALLGEIER,09-10-2025
1285637223,LOWRY,09-10-2025
1194728139,STEWART,09-10-2025
1003819046,NYLANDER,09-10-2025
1912900952,KAUFFMAN,09-10-2025
1720081763,,09-10-2025
1497758429,,09-10-2025
1306849336,TOWNSEND,09-10-2025
1215930243,VINCENT,09-10-2025
1023011053,,09-10-2025
1932102969,HELFER,09-10-2025
1841293875,MARTIN,09-10-2025
1750384780,PERRIGIN,09-10-2025
1669475695,MCMAHAN,09-10-2025
1578566501,LA,09-10-2025
1487657417,CAREY,09-10-2025
1396748323,CAMPBELL,09-10-2025
1205839230,,09-10-2025
1114920147,,09-10-2025
1922001957,PRESLEY,09-10-2025
1831192863,,09-10-2025
1740283779,JAVIER,09-10-2025
1659374684,,09-10-2025
1568465599,,09-10-2025
1477556405,LINSENMEYER,09-10-2025
1386647311,,09-10-2025
1295738227,DAY,09-10-2025
1104829134,FALCONER,09-10-2025
1013910041,DETOMMASO,09-10-2025
1821091851,,09-10-2025
1730182767,SCHLEGEL,09-10-2025
1649273673,KOPCZYNSKI,09-10-2025
1083617013,,09-10-2025
1992708929,,09-10-2025
1801899836,ZICHELLA,09-10-2025
1710980743,ALLEN,09-10-2025
1528061553,,09-10-2025
1437152469,FISHER,09-10-2025
1346243375,,09-10-2025
1255334280,HENSARLING,09-10-2025
1164425195,JARBATH,09-10-2025
1073516001,ROSS,09-10-2025
1982607917,ROWLAND,09-10-2025
1891798823,,09-10-2025
1700889730,WEISS,09-10-2025
1619970647,LOTT,09-10-2025
1427051457,,09-10-2025
1326041476,SCHWARTZ,09-10-2025
1235132382,WALKER,09-10-2025
1144223298,SMITH,09-10-2025
1053314104,UNGAB,09-10-2025
1962405019,HAMAMI,09-10-2025
1871596924,O'DONNELL,09-10-2025
1780687830,MANI,09-10-2025
1699778746,COOPERMAN,09-10-2025
1508869652,,09-10-2025
1417950569,JOHNSON,09-10-2025
1225031370,SY,09-10-2025
1134122286,ROESING,09-10-2025
1043213192,,09-10-2025
1952304008,,09-10-2025
1861495913,LEA,09-10-2025
1770586828,MITRI,09-10-2025
1689677734,MARTIN,09-10-2025
1598768640,,09-10-2025
1407859556,PETERS,09-10-2025
1316940463,DIEZ,09-10-2025
1124021274,,09-10-2025
1033112180,TIPPS,09-10-2025
1942203096,,09-10-2025
1851394902,MOORE,09-10-2025
1760485817,MORAN,09-10-2025
1386647337,PETRUSCH,09-10-2025
1295738243,,09-10-2025
1104829159,,09-10-2025
1013910066,FIORE,09-10-2025
1821091877,HASKELL,09-10-2025
1730182783,,09-10-2025
1649273699,,09-10-2025
1558364505,SPINAK,09-10-2025
1467455410,STRATIGOPOULOS,09-10-2025
1376546325,,09-10-2025
1285637231,LOPEZ,09-10-2025
1194728147,,09-10-2025
1003819053,LACLAIR,09-10-2025
1912900960,THOMASON,09-10-2025
1720081771,WAYNE,09-10-2025
1639172687,ROPPOLO,09-10-2025
1548263593,ESTORQUE,09-10-2025
1457354409,LIU,09-10-2025
1366445314,NETTESHEIM,09-10-2025
1275536229,,09-10-2025
1184627135,,09-10-2025
1093718041,,09-10-2025
1902809957,YITZHAKI,09-10-2025
1811990864,GULLETT,09-10-2025
1629071675,SNEIDERS,09-10-2025
1538162581,,09-10-2025
1447253497,NAEGELE,09-10-2025
1356344303,,09-10-2025
1265435218,LEEDS,09-10-2025
1174526123,HOEHN-SARIC,09-10-2025
1083617039,STANLEY,09-10-2025
1992708945,,09-10-2025
1801899851,FERRIS,09-10-2025
1710980768,ORTMAN,09-10-2025
1528061579,WENSINK,09-10-2025
1437152485,MORGAN,09-10-2025
1346243391,HOOVER,09-10-2025
1154324101,,09-10-2025
1063415016,BROOKS,09-10-2025
1972506921,FAGUNDUS,09-10-2025
1881697837,,09-10-2025
1790788743,,09-10-2025
1609879659,PETROFF,09-10-2025
1518960566,IRWIN,09-10-2025
1326041377,HEATON,09-10-2025
1235132283,BUTTLEMAN,09-10-2025
1144223199,,09-10-2025
1053314005,SALES,09-10-2025
1306849344,WHITE,09-10-2025
1215930250,PAGE,09-10-2025
1023011061,LETIEN,09-10-2025
1932102977,SHARMA,09-10-2025
1841293883,,09-10-2025
1750384798,VON HARDENBERG,09-10-2025
1669475604,,09-10-2025
1578566519,SPANN,09-10-2025
1487657425,,09-10-2025
1396748331,SORENSEN,09-10-2025
1205839248,HOLLANDSWORTH,09-10-2025
1114920154,,09-10-2025
1922001965,,09-10-2025
1831192871,COWDEN,09-10-2025
1740283787,,09-10-2025
1659374692,,09-10-2025
1568465508,ROST,09-10-2025
1477556413,SIROIS,09-10-2025
1386647329,LANCASTER,09-10-2025
1295738235,RAGOTHAMAN,09-10-2025
1104829142,TRIPP,09-10-2025
1013910058,,09-10-2025
1821091869,BASS,09-10-2025
1730182775,NEE,09-10-2025
1588667521,SWAYZE,09-10-2025
1497758437,,09-10-2025
1760485718,STEPHENS,09-10-2025
1679576623,,09-10-2025
1588667539,ZALLEN,09-10-2025
1497758445,MORSE,09-10-2025
1306849351,,09-10-2025
1215930268,YEN,09-10-2025
1124021167,DILLMUTH-MILLER,09-10-2025
1033112073,VAN BLARICOM,09-10-2025
1942203989,,09-10-2025
1851394894,GOODMAN,09-10-2025
1760485700,GELBER,09-10-2025
1679576615,PUTLAND,09-10-2025
1326041369,,09-10-2025
1235132275,HANSEN,09-10-2025
1144223181,LITTLE,09-10-2025
1053314096,MURRELL,09-10-2025
1962405902,,09-10-2025
1871596817,ABIAD,09-10-2025
1780687723,HARGRAVE,09-10-2025
1699778639,CANON,09-10-2025
1508869546,BROUNS,09-10-2025
1417950452,,09-10-2025
1225031263,LYTH,09-10-2025
1134122179,,09-10-2025
1043213085,TODER,09-10-2025
1952304990,FLEET,09-10-2025
1861495806,JENNINGS,09-10-2025
1770586711,TODD,09-10-2025
1689677627,WARD,09-10-2025
1598768533,ARPIN,09-10-2025
1407859440,HAYNES,09-10-2025
1316940356,JARVISE,09-10-2025
1225031255,KELLOGG,09-10-2025
1134122161,HURTADO,09-10-2025
1043213077,,09-10-2025
1952304982,JOHANSON,09-10-2025
1861495897,,09-10-2025
1770586703,BRELSFORD,09-10-2025
1689677619,ORGAIN,09-10-2025
1598768525,,09-10-2025
1407859432,,09-10-2025
1316940349,JANESKY,09-10-2025
1124021159,,09-10-2025
1033112065,,09-10-2025
1942203971,SHAMSHAM,09-10-2025
1851394886,STOREY,09-10-2025
1760485791,NEWMAN,09-10-2025
1679576607,,09-10-2025
1588667513,SOLORIO,09-10-2025
1558364588,GARNER,09-10-2025
1467455493,MEDLOCK,09-10-2025
1376546309,CHANG,09-10-2025
1285637215,LAWLER,09-10-2025
1194728121,BADOLATO,09-10-2025
1003819038,GOLDBERG,09-10-2025
1912900945,,09-10-2025
1720081755,,09-10-2025
1639172661,GOEL,09-10-2025
1548263577,BALL,09-10-2025
1457354482,ELLER,09-10-2025
1366445397,,09-10-2025
1275536203,JANSEN,09-10-2025
1184627119,MEEK,09-10-2025
1093718025,,09-10-2025
1902809932,,09-10-2025
1811990849,,09-10-2025
1629071659,KEGEL,09-10-2025
1538162565,SCHLEEPER,09-10-2025
1447253471,LEPINE,09-10-2025
1356344386,,09-10-2025
1265435291,GILMER,09-10-2025
1174526107,,09-10-2025
1336142363,REYNOLDS,09-10-2025
1245233279,MCALLISTER,09-10-2025
1154324184,WILLIAMS-WEEKES,09-10-2025
1063415099,PELLEGRINI,09-10-2025
1972506905,PEARSON,09-10-2025
1881697811,,09-10-2025
1790788727,RORICK,09-10-2025
1609879634,,09-10-2025
1518960541,,09-10-2025
1326041351,,09-10-2025
1235132267,LOWRY,09-10-2025
1144223173,SCIULLO,09-10-2025
1053314088,BROWN,09-10-2025
1962405993,SMITH,09-10-2025
1871596809,EPES,09-10-2025
1780687715,DESAI,09-10-2025
1699778621,DIAZ,09-10-2025
1508869538,HODGIN,09-10-2025
1417950445,,09-10-2025
1326041344,LOWENSTEIN,09-10-2025
1235132259,MCNAMARA,09-10-2025
1144223165,,09-10-2025
1053314070,BOUSH,09-10-2025
1962405985,BENSINGER,09-10-2025
1871596890,FEIBEL,09-10-2025
1780687707,HICKS,09-10-2025
1699778613,PESSON,09-10-2025
1508869520,HAASCH,09-10-2025
1417950437,,09-10-2025
1225031248,RYAN,09-10-2025
1134122153,HUNTER,09-10-2025
1043213069,BRUCE,09-10-2025
1952304974,BROWN,09-10-2025
1861495889,HUDSON,09-10-2025
1770586794,,09-10-2025
1689677601,CHRISTENBERRY,09-10-2025
1598768517,YOUNG,09-10-2025
1407859424,JACKSON,09-10-2025
1316940331,,09-10-2025
1124021142,DEWOLFE,09-10-2025
1033112057,NYE,09-10-2025
1942203963,DAVIS,09-10-2025
1851394878,CHRISTIANSEN,09-10-2025
1760485783,MCBRIDE,09-10-2025
1679576698,KOSTREWA,09-10-2025
1588667505,ROBERTS,09-10-2025
1497758411,HARSTON,09-10-2025
1306849328,TAHIR,09-10-2025
1215930235,,09-10-2025
1023011046,DOVE,09-10-2025
1932102951,JIMENEZ AGOSTO,09-10-2025
1841293867,,09-10-2025
1750384772,LOPEZ-GRANBERRY,09-10-2025
1669475687,,09-10-2025
1578566592,DEWHURST,09-10-2025
1487657409,PIERRON,09-10-2025
1396748315,BARBER,09-10-2025
1205839222,BACHTEL,09-10-2025
1114920139,DITMAN,09-10-2025
1922001940,TERENZI,09-10-2025
1831192855,,09-10-2025
1740283761,KRIZMANICH,09-10-2025
1659374676,PERKINS,09-10-2025
1275536294,,09-10-2025
1184627101,CHEN,09-10-2025
1093718017,LYONS,09-10-2025
1902809924,,09-10-2025
1811990831,LEE,09-10-2025
1629071642,JONES,09-10-2025
1538162557,,09-10-2025
1447253463,JOHNSTON,09-10-2025
1356344378,,09-10-2025
1265435283,WILCOX,09-10-2025
1174526198,MORTON,09-10-2025
1083617005,,09-10-2025
1992708911,RUSSELL,09-10-2025
1801899828,NAU,09-10-2025
1710980735,BILGRAMI,09-10-2025
1528061546,FIGUEROA,09-10-2025
1437152451,POWELL,09-10-2025
1346243367,KAZEMI,09-10-2025
1255334272,KUTSIKOVICH,09-10-2025
1164425187,LAURSEN,09-10-2025
1073516092,BELLI,09-10-2025
1982607909,,09-10-2025
1891798815,CIULA,09-10-2025
1700889722,BURNS,09-10-2025
1619970639,GEISS,09-10-2025
1427051440,,09-10-2025
1336142355,STANDERFER,09-10-2025
1245233261,GOLDSTEIN,09-10-2025
1154324176,DAMRON,09-10-2025
1063415081,,09-10-2025
1972506996,FLEMING,09-10-2025
1881697803,DUFFIELD,09-10-2025
1790788719,MCLOUGHLIN,09-10-2025
1609879626,CULP,09-10-2025
1518960533,POLLAK,09-10-2025
1427051432,TOLBERT,09-10-2025
1336142348,CLEMENT,09-10-2025
1457354490,LEONE,09-10-2025
1366445306,LIOW,09-10-2025
1275536211,CRAMPTON,09-10-2025
1184627127,KAMBER,09-10-2025
1093718033,,09-10-2025
1902809940,,09-10-2025
1811990856,KOLTON,09-10-2025
1629071667,HADAD,09-10-2025
1538162573,LATSHAW,09-10-2025
1447253489,BUTLER,09-10-2025
1356344394,CRADDOCK,09-10-2025
1265435200,HOROWITZ,09-10-2025
1174526115,MURPHY,09-10-2025
1083617021,BEHEN,09-10-2025
1992708937,PORTER,09-10-2025
1801899844,TARTER,09-10-2025
1710980750,KEOHANE,09-10-2025
1528061561,,09-10-2025
1437152477,,09-10-2025
1639172679,BACK,09-10-2025
1548263585,,09-10-2025
1346243383,JONES,09-10-2025
1255334298,HUNT,09-10-2025
1164425104,JANSSEN,09-10-2025
1073516019,,09-10-2025
1982607925,YELLAMRAJU,09-10-2025
1891798831,SNOOK,09-10-2025
1700889748,FOURTOUNIS,09-10-2025
1619970654,CRAWFORD,09-10-2025
1427051465,MILES,09-10-2025
1336142371,,09-10-2025
1245233287,GERING,09-10-2025
1154324192,OLDFIELD,09-10-2025
1063415008,,09-10-2025
1972506913,SHAFFER,09-10-2025
1881697829,,09-10-2025
1790788735,INZENGA,09-10-2025
1609879642,STALLSMITH,09-10-2025
1518960558,JAMESON,09-10-2025
1245233477,LONG,09-10-2025
1154324382,CLOSE,09-10-2025
1063415297,,09-10-2025
1972506103,BENSON,09-10-2025
1881697019,RUITER,09-10-2025
1699778829,,09-10-2025
1508869736,HARDEBECK,09-10-2025
1417950643,BARRETT,09-10-2025
1326041559,KIM,09-10-2025
1235132465,REYNOLDS,09-10-2025
1245233451,ANGHELESCU,09-10-2025
1154324366,RODRIGUEZ,09-10-2025
1063415271,CROMWELL,09-10-2025
1972506186,HUTSON,09-10-2025
1881697092,,09-10-2025
1699778803,WOMBLE,09-10-2025
1508869710,GAYNER,09-10-2025
1417950627,PRIDE,09-10-2025
1326041534,,09-10-2025
1235132440,FRIAS,09-10-2025
1144223355,HA,09-10-2025
1053314260,,09-10-2025
1962405175,STELZER,09-10-2025
1871596080,ALTENBERN,09-10-2025
1780687996,STEINMETZ,09-10-2025
1699778894,AWOMOLO,09-10-2025
1508869702,DEWALT,09-10-2025
1417950619,WOLFF,09-10-2025
1326041526,QUILICI,09-10-2025
1235132432,MCCARTY,09-10-2025
1144223348,,09-10-2025
1205839438,TRAPP,09-10-2025
1336142561,GRAHAM,09-10-2025
1053314252,,09-10-2025
1962405167,,09-10-2025
1871596072,PAVLICK,09-10-2025
1780687988,RINEHART,09-10-2025
1598768798,BLAIR,09-10-2025
1407859606,,09-10-2025
1316940513,MINNING,09-10-2025
1225031420,GIRVIN,09-10-2025
1134122336,REDDY,09-10-2025
1043213242,WAGREICH,09-10-2025
1952304156,VARGA,09-10-2025
1861495061,FAIRFIELD,09-10-2025
1770586976,,09-10-2025
1689677882,RANDOLPH,09-10-2025
1497758692,DHAIRYAWAN,09-10-2025
1306849500,PETERSON,09-10-2025
1215930417,BARFIELD,09-10-2025
1124021324,,09-10-2025
1033112230,,09-10-2025
1942203146,,09-10-2025
1851394050,BRIDGES,09-10-2025
1760485965,KAMPFE,09-10-2025
1679576870,LEON,09-10-2025
1588667786,HUDSON,09-10-2025
1396748596,CALDEIRA,09-10-2025
1205839404,YASIN,09-10-2025
1114920311,THOMPSON,09-10-2025
1023011228,HARADON,09-10-2025
1932102134,RAMZY,09-10-2025
1841293040,GILES,09-10-2025
1750384954,,09-10-2025
1669475869,FRAIJI,09-10-2025
1578566774,TISDALL,09-10-2025
1487657680,ANANDU,09-10-2025
1295738490,POLSLEY,09-10-2025
1407859697,CORKERY,09-10-2025
1316940505,,09-10-2025
1225031412,MORIN-DUCOTE,09-10-2025
1134122328,,09-10-2025
1043213234,MANGAT,09-10-2025
1952304149,SNYDER,09-10-2025
1861495053,,09-10-2025
1770586968,,09-10-2025
1689677874,FRANK,09-10-2025
1902809395,NIBLO,09-10-2025
1306849591,VOGEL,09-10-2025
1215930409,,09-10-2025
1124021316,,09-10-2025
1942203138,BANDI,09-10-2025
1851394043,BAYS,09-10-2025
1760485957,PERRY,09-10-2025
1679576862,,09-10-2025
1588667778,MATHURIN,09-10-2025
1811990203,,09-10-2025
1205839495,CHRISTIANA,09-10-2025
1114920303,,09-10-2025
1023011210,POLAKOWSKI,09-10-2025
1932102126,DAW,09-10-2025
1841293032,DE ALARCON,09-10-2025
1750384947,DE ARMENDI,09-10-2025
1669475851,,09-10-2025
1578566766,CARTIA,09-10-2025
1487657672,SHIN,09-10-2025
1396748588,,09-10-2025
1104829399,PATTERSON,09-10-2025
1013910207,BROWER,09-10-2025
1922001114,RASHID,09-10-2025
1831192020,COATS,09-10-2025
1740283936,PFLANZE,09-10-2025
1659374841,LOPEZ,09-10-2025
1568465755,BELL,09-10-2025
1477556660,TRANOVICH,09-10-2025
1386647576,PEREZ-MONTES,09-10-2025
1295738482,BEARD,09-10-2025
1003819293,GALKIN,09-10-2025
1912900101,,09-10-2025
1821091018,KAUFMAN,09-10-2025
1730182924,BHAT,09-10-2025
1649273830,,09-10-2025
1558364745,,09-10-2025
1467455659,,09-10-2025
1376546564,KADET,09-10-2025
1285637470,,09-10-2025
1194728386,KASIC,09-10-2025
1902809197,DOME,09-10-2025
1811990005,NEWSOME,09-10-2025
1720081912,,09-10-2025
1639172828,,09-10-2025
1548263734,SMITH,09-10-2025
1457354649,PARSLEY,09-10-2025
1366445553,BRAKEL,09-10-2025
1275536468,ASAD,09-10-2025
1184627374,KIRBY,09-10-2025
1093718280,AULL,09-10-2025
1801899091,RINDE-HOFFMAN,09-10-2025
1710980909,BLACK,09-10-2025
1629071816,,09-10-2025
1538162722,BOOTHE,09-10-2025
1447253638,BEATTY,09-10-2025
1356344543,ALLEE,09-10-2025
1265435457,REIER,09-10-2025
1174526362,MYERS,09-10-2025
1083617278,,09-10-2025
1992708184,KLELE,09-10-2025
1700889995,YATES,09-10-2025
1619970803,,09-10-2025
1528061710,,09-10-2025
1437152626,,09-10-2025
1346243532,STEIN,09-10-2025
1255334447,MULLICK,09-10-2025
1164425351,,09-10-2025
1073516266,KLICK,09-10-2025
1982607172,CULLIS,09-10-2025
1891798088,RULE,09-10-2025
1700889987,,09-10-2025
1619970894,GORDON,09-10-2025
1528061702,BOOSE,09-10-2025
1437152618,COHEN,09-10-2025
1346243524,SEEDS,09-10-2025
1255334439,RETTIG,09-10-2025
1164425344,HANS,09-10-2025
1073516258,HODGE,09-10-2025
1982607164,GROVE,09-10-2025
1891798070,KAPPAKAS,09-10-2025
1609879881,BUSSLER,09-10-2025
1518960798,HUNYADI,09-10-2025
1427051606,,09-10-2025
1336142512,BROWN,09-10-2025
1245233428,BARBER,09-10-2025
1154324333,FALCAO,09-10-2025
1063415248,DITCHEK,09-10-2025
1972506152,,09-10-2025
1881697068,,09-10-2025
1790788974,ENGLE,09-10-2025
1508869785,THOMAS,09-10-2025
1417950692,COHEN,09-10-2025
1326041500,PRATS VEGA,09-10-2025
1235132416,KAPP,09-10-2025
1144223322,,09-10-2025
1053314237,,09-10-2025
1962405142,UDDIN,09-10-2025
1871596056,JOHN,09-10-2025
1780687962,LOPEZ VERGE,09-10-2025
1699778878,STALEY,09-10-2025
1407859689,MCCREERY,09-10-2025
1316940596,HSIEH,09-10-2025
1225031404,,09-10-2025
1134122310,SMITH,09-10-2025
1043213226,ARONOFF,09-10-2025
1952304131,SIGLER,09-10-2025
1063415073,,09-10-2025
1972506988,HAN,09-10-2025
1881697894,SHANNON,09-10-2025
1790788701,MAOLOOD,09-10-2025
1245233253,,09-10-2025
1154324168,,09-10-2025
1609879618,MORRIS,09-10-2025
1518960525,BHAGAT,09-10-2025
1326041336,,09-10-2025
1235132242,,09-10-2025
1144223157,,09-10-2025
1053314062,MANN,09-10-2025
1962405977,,09-10-2025
1871596882,DENEKA,09-10-2025
1780687798,,09-10-2025
1699778605,MARDEN,09-10-2025
1508869512,MCWHORTER,09-10-2025
1417950429,LISTELLO,09-10-2025
1225031230,COLE,09-10-2025
1134122146,,09-10-2025
1043213051,GOROVOY,09-10-2025
1952304966,SALYER,09-10-2025
1861495871,REX,09-10-2025
1770586786,RICHARDS,09-10-2025
1689677692,DE WETTE,09-10-2025
1598768509,TACVORIAN,09-10-2025
1407859416,VAUGHN-DOTTERER,09-10-2025
1396748307,,09-10-2025
1205839214,SCHILLER,09-10-2025
1922001932,FIELDER,09-10-2025
1740283753,JONES,09-10-2025
1568465573,,09-10-2025
1477556488,MAYGREN,09-10-2025
1386647394,GOMEZ,09-10-2025
1295738201,STICKLEY,09-10-2025
1104829118,ALLEN,09-10-2025
1013910025,ABRAHAMSON,09-10-2025
1821091836,ANDERSEN,09-10-2025
1730182742,,09-10-2025
1336142330,,09-10-2025
1245233246,PARKER,09-10-2025
1154324150,ROWEN,09-10-2025
1063415065,BROOKS,09-10-2025
1972506970,PERELSON,09-10-2025
1881697886,POLUN,09-10-2025
1790788792,BUCHAR,09-10-2025
1609879600,,09-10-2025
1518960517,WARREN,09-10-2025
1326041328,TAWADROS,09-10-2025
1235132234,,09-10-2025
1144223140,MILLER,09-10-2025
1053314054,,09-10-2025
1124021118,CHOW,09-10-2025
1033112024,KAPLANSKY,09-10-2025
1942203930,SOTOUDEH,09-10-2025
1851394845,,09-10-2025
1760485759,JACKO,09-10-2025
1679576664,HOROWITZ,09-10-2025
1588667570,ROOT,09-10-2025
1497758486,MATHIESEN,09-10-2025
1306849393,SPATHAS,09-10-2025
1215930201,ELIAS,09-10-2025
1023011012,,09-10-2025
1932102928,,09-10-2025
1841293834,WELLS,09-10-2025
1750384749,SMITH,09-10-2025
1669475653,NAKASHIMA,09-10-2025
1578566568,KELLEHER,09-10-2025
1487657474,WESTMAN,09-10-2025
1396748380,ELLIS,09-10-2025
1205839297,ROBINS,09-10-2025
1114920105,OCHS,09-10-2025
1922001916,SCHOLL,09-10-2025
1831192822,ARMSTRONG,09-10-2025
1740283738,SLOMOWITZ,09-10-2025
1659374643,ALBERS,09-10-2025
1568465557,,09-10-2025
1477556462,KIRSCHNER,09-10-2025
1386647378,,09-10-2025
1295738284,,09-10-2025
1104829191,,09-10-2025
1689677866,KROEGER,09-10-2025
1598768772,,09-10-2025
1306849583,PILCHER,09-10-2025
1215930490,,09-10-2025
1124021308,,09-10-2025
1033112214,KOENIG,09-10-2025
1942203120,SAGER,09-10-2025
1851394035,,09-10-2025
1760485940,,09-10-2025
1679576854,JOHNSON,09-10-2025
1588667760,,09-10-2025
1497758676,VANHEMERT,09-10-2025
1205839487,,09-10-2025
1114920394,BOALS,09-10-2025
1710980982,JAFFE,09-10-2025
1629071899,MUIR,09-10-2025
1538162706,,09-10-2025
1447253612,BOSAK,09-10-2025
1356344527,TULECKE,09-10-2025
1265435432,DIGIOVANNI,09-10-2025
1174526347,SHAH,09-10-2025
1083617252,LEPKOWSKY,09-10-2025
1992708168,CHIDA,09-10-2025
1700889979,,09-10-2025
1619970886,BOYLE,09-10-2025
1528061793,,09-10-2025
1437152600,WALSH,09-10-2025
1346243516,WADE,09-10-2025
1255334421,CONRADT,09-10-2025
1164425336,,09-10-2025
1073516241,CAROLAN,09-10-2025
1982607156,,09-10-2025
1891798062,SINGER,09-10-2025
1609879873,O'CONNOR,09-10-2025
1518960780,KIRBY,09-10-2025
1871596049,NIBERT,09-10-2025
1780687954,PURVIS,09-10-2025
1699778860,TREISMAN,09-10-2025
1407859671,FREEDMAN,09-10-2025
1316940588,FOWLER,09-10-2025
1225031495,,09-10-2025
1134122302,BURNETT,09-10-2025
1043213218,BAWEK,09-10-2025
1952304123,CONWELL,09-10-2025
1861495038,CHESEK,09-10-2025
1770586943,,09-10-2025
1689677858,HOLLAND,09-10-2025
1598768764,HART,09-10-2025
1306849575,CLARK,09-10-2025
1215930482,BAKER,09-10-2025
1124021399,GOULD,09-10-2025
1033112206,BURCH,09-10-2025
1942203112,SAMBUCHI,09-10-2025
1851394027,BOENDER,09-10-2025
1760485932,HART,09-10-2025
1679576847,,09-10-2025
1588667752,KOBET,09-10-2025
1861495046,SONNIER,09-10-2025
1770586950,MUETING,09-10-2025
1497758668,MAYES,09-10-2025
1205839479,,09-10-2025
1114920386,,09-10-2025
1023011293,ADIBI,09-10-2025
1932102100,CRAIG,09-10-2025
1841293016,SWANN,09-10-2025
1750384921,VEITH,09-10-2025
1669475836,REMINGTON,09-10-2025
1578566741,COCKROFT,09-10-2025
1487657656,BHAT,09-10-2025
1396748562,GESZLER,09-10-2025
1104829373,,09-10-2025
1013910280,LEU,09-10-2025
1487657649,TUCKMAN,09-10-2025
1396748554,DALTON,09-10-2025
1104829365,,09-10-2025
1013910272,HURLEY,09-10-2025
1922001189,,09-10-2025
1831192095,,09-10-2025
1740283902,MILLER,09-10-2025
1659374817,OSTERBERG,09-10-2025
1568465722,WICKE,09-10-2025
1477556637,HAYES-MACALUSO,09-10-2025
1386647543,,09-10-2025
1295738458,TOPORCER,09-10-2025
1003819269,JANKOV,09-10-2025
1912900176,LEBLANG,09-10-2025
1821091083,,09-10-2025
1730182999,,09-10-2025
1649273806,HUGHES,09-10-2025
1558364711,,09-10-2025
1467455626,GIBSON,09-10-2025
1376546531,PETTINGELL,09-10-2025
1285637447,BRESSMAN,09-10-2025
1194728352,GROYSMAN,09-10-2025
1003819251,,09-10-2025
1912900168,,09-10-2025
1821091075,FOWELL,09-10-2025
1730182981,,09-10-2025
1649273897,CHAMBERS,09-10-2025
1558364703,ATLAS,09-10-2025
1922001171,ANDERSON,09-10-2025
1831192087,FLEMING,09-10-2025
1740283993,DAVITT,09-10-2025
1659374809,MCPHERSON,09-10-2025
1568465714,BAREK,09-10-2025
1477556629,HAMILTON,09-10-2025
1386647535,,09-10-2025
1295738441,ERKI,09-10-2025
1104829340,COTHREN,09-10-2025
1013910256,ACOSTAMADIEDO,09-10-2025
1922001163,ARONOFF,09-10-2025
1831192079,KOSIBOROD,09-10-2025
1740283985,GENTIN,09-10-2025
1659374890,HOLZ,09-10-2025
1568465706,LAZARUS,09-10-2025
1477556611,LEWIS,09-10-2025
1386647527,,09-10-2025
1295738433,MOHAN,09-10-2025
1003819244,,09-10-2025
1912900150,,09-10-2025
1821091067,,09-10-2025
1326041468,,09-10-2025
1235132374,,09-10-2025
1144223280,GAJJAR,09-10-2025
1053314195,DODD,09-10-2025
1730182866,,09-10-2025
1649273772,ROEDER,09-10-2025
1558364687,,09-10-2025
1467455592,HANDGRETINGER,09-10-2025
1376546408,SNYDER,09-10-2025
1285637314,ABI-RACHED,09-10-2025
1194728220,,09-10-2025
1902809031,NELSON,09-10-2025
1811990948,BOYER,09-10-2025
1720081854,SPIEGEL,09-10-2025
1639172760,CARROLL,09-10-2025
1548263676,,09-10-2025
1457354581,CAVALE,09-10-2025
1366445496,ANIREDDY,09-10-2025
1275536302,SCHUTZMAN,09-10-2025
1184627218,KIEFT,09-10-2025
1093718124,BARBER,09-10-2025
1801899935,FOCHIOS,09-10-2025
1710980842,GROSSFELD,09-10-2025
1629071758,,09-10-2025
1538162664,LEFEVER,09-10-2025
1447253570,GOYAL,09-10-2025
1356344485,WINTHROP,09-10-2025
1265435390,STEPHENS,09-10-2025
1053314187,BHARGAVA,09-10-2025
1962405092,JOHNSON,09-10-2025
1871596908,,09-10-2025
1780687814,COLOSI,09-10-2025
1699778720,,09-10-2025
1407859531,SIVLEY,09-10-2025
1316940448,SAUNDERS,09-10-2025
1225031354,MARSH,09-10-2025
1134122260,YEAMAN,09-10-2025
1043213176,HARRIS,09-10-2025
1952304081,HANUMANDLA,09-10-2025
1861495996,SALINGER,09-10-2025
1770586802,YOSHISATO,09-10-2025
1689677718,GRIGSBY,09-10-2025
1598768624,SOTERAKIS,09-10-2025
1407859523,PREHN,09-10-2025
1316940430,FERSTL,09-10-2025
1225031347,,09-10-2025
1134122252,FRANCISCO,09-10-2025
1043213168,SOULIER,09-10-2025
1952304073,JOFFE,09-10-2025
1861495988,JAKABOVICS,09-10-2025
1770586893,ALBUQUERQUE,09-10-2025
1689677700,,09-10-2025
1598768616,WRAY,09-10-2025
1306849427,,09-10-2025
1215930334,SKOTNICKI,09-10-2025
1124021241,COOKE,09-10-2025
1033112156,GOLDEY,09-10-2025
1942203062,STEINBERG,09-10-2025
1851394977,SCIBILIA,09-10-2025
1760485882,LOFTUS,09-10-2025
1568465581,MORGAN,09-10-2025
1477556496,WISE,09-10-2025
1386647303,ANDRE,09-10-2025
1295738219,BROCK,09-10-2025
1104829126,SKOCIK,09-10-2025
1013910033,HUBBARD,09-10-2025
1821091844,STONE,09-10-2025
1730182759,PIGEON,09-10-2025
1649273665,,09-10-2025
1497758510,HADID,09-10-2025
1205839321,MUDGE,09-10-2025
1114920238,CLARK,09-10-2025
1023011145,,09-10-2025
1932102050,DELLASEGA,09-10-2025
1679576797,VILUSHIS,09-10-2025
1588667604,,09-10-2025
1841293966,ALEXANDER,09-10-2025
1558364570,DANA,09-10-2025
1467455485,,09-10-2025
1376546390,,09-10-2025
1285637207,LARSON,09-10-2025
1194728113,TURNER,09-10-2025
1003819020,,09-10-2025
1912900937,,09-10-2025
1720081748,STEVENSON,09-10-2025
1639172653,,09-10-2025
1548263569,SUNSHINE,09-10-2025
1457354474,JAVEED,09-10-2025
1366445389,ANDRIOLA,09-10-2025
1124021134,COLEMAN,09-10-2025
1033112040,LAMBERSON,09-10-2025
1942203955,,09-10-2025
1851394860,STERN,09-10-2025
1760485775,,09-10-2025
1679576680,,09-10-2025
1588667596,JERMAN,09-10-2025
1497758403,SHAW,09-10-2025
1306849310,MOOLAMALLA,09-10-2025
1215930227,GARCIA,09-10-2025
1023011038,KABAR,09-10-2025
1932102944,SAMUEL,09-10-2025
1841293859,,09-10-2025
1750384764,,09-10-2025
1669475679,EISENACH,09-10-2025
1578566584,,09-10-2025
1487657490,RICHARDSON,09-10-2025
1114920121,BAKER,09-10-2025
1831192848,JAFFE,09-10-2025
1932102167,,09-10-2025
1841293073,SCOCOS,09-10-2025
1750384988,,09-10-2025
1669475893,CURTIS,09-10-2025
1578566709,GOODMAN,09-10-2025
1487657615,SIMONTE,09-10-2025
1295738425,AIDEYAN,09-10-2025
1104829332,ALLOWAY,09-10-2025
1013910249,FLORES,09-10-2025
1922001155,,09-10-2025
1831192061,,09-10-2025
1740283977,,09-10-2025
1659374882,BURACK,09-10-2025
1568465797,TURNER,09-10-2025
1477556603,,09-10-2025
1386647519,,09-10-2025
1194728329,LOFFARELLI,09-10-2025
1003819236,STERN,09-10-2025
1912900143,,09-10-2025
1821091059,,09-10-2025
1730182965,WHITE,09-10-2025
1649273871,MENDOZA,09-10-2025
1558364786,BENGOA,09-10-2025
1467455691,,09-10-2025
1376546507,CLARK,09-10-2025
1285637413,CHAPMAN,09-10-2025
1093718223,,09-10-2025
1902809130,TURNER,09-10-2025
1811990047,,09-10-2025
1720081953,THOMAS,09-10-2025
1639172869,,09-10-2025
1548263775,ANDERSON,09-10-2025
1114920345,DEMPSEY,09-10-2025
1023011251,SPIRES,09-10-2025
1457354680,BOYLE,09-10-2025
1366445595,BORUSHOK,09-10-2025
1275536401,STEVENSON,09-10-2025
1184627317,WILSON,09-10-2025
1992708127,FUCHS,09-10-2025
1801899034,FARMER,09-10-2025
1710980941,AHMED,09-10-2025
1629071857,,09-10-2025
1538162763,,09-10-2025
1447253679,WOODLAN,09-10-2025
1356344584,,09-10-2025
1265435499,,09-10-2025
1174526305,BERENHOLZ,09-10-2025
1083617211,CICCIA,09-10-2025
1891798021,MORRIS,09-10-2025
1700889938,BROWDER,09-10-2025
1619970845,,09-10-2025
1528061751,ANNADANAM,09-10-2025
1437152667,FISCHER,09-10-2025
1346243573,,09-10-2025
1255334488,GARDNER,09-10-2025
1164425393,HERMANSDORFER,09-10-2025
1073516209,ALSINA,09-10-2025
1982607115,,09-10-2025
1790788925,SAMMONS,09-10-2025
1609879832,,09-10-2025
1518960749,,09-10-2025
1427051655,,09-10-2025
1144223371,PURSELL,09-10-2025
1053314286,COHN,09-10-2025
1962405191,DODDS,09-10-2025
1871596007,,09-10-2025
1780687913,,09-10-2025
1598768723,KARPA,09-10-2025
1407859630,LESSENBERRY,09-10-2025
1225031453,ELLIS,09-10-2025
1518960731,MOGHE,09-10-2025
1427051648,MORGAN,09-10-2025
1336142553,RUSSELL,09-10-2025
1245233469,JACOBS,09-10-2025
1154324374,TRUDO,09-10-2025
1063415289,ROTHEN,09-10-2025
1972506194,BLACKMON,09-10-2025
1881697001,HAELY,09-10-2025
1699778811,CALLAHAN,09-10-2025
1508869728,,09-10-2025
1417950635,MARINO,09-10-2025
1326041542,TAFEL,09-10-2025
1235132457,ADAMSON,09-10-2025
1144223363,KATZ,09-10-2025
1053314278,KUNS,09-10-2025
1962405183,FOX,09-10-2025
